back,squat,0,0,928,-144,-104
back,squat,0,0,951,-152,82
back,squat,0,0,914,-213,12
back,squat,0,0,912,-246,8
back,squat,0,0,1007,-197,59
back,squat,0,0,987,-163,21
back,squat,0,0,886,-195,-89
back,squat,0,0,933,-234,80
back,squat,0,0,971,-220,112
back,squat,0,0,937,-177,21
back,squat,0,0,953,-174,13
back,squat,0,0,966,-213,-15
back,squat,0,0,980,-230,-24
back,squat,0,0,978,-244,11
back,squat,0,0,1056,-231,116
back,squat,0,0,1049,-213,35
back,squat,0,0,1021,-213,-54
back,squat,0,0,1021,-216,-125
back,squat,0,0,1044,-211,-70
back,squat,0,0,1056,-218,16
back,squat,0,0,1085,-214,7
back,squat,0,0,1095,-240,7
back,squat,0,0,1115,-237,15
back,squat,0,0,1114,-229,-14
back,squat,0,0,1113,-244,-65
back,squat,0,0,1140,-260,-48
back,squat,0,0,1164,-276,19
back,squat,0,0,1187,-291,55
back,squat,0,0,1204,-276,19
back,squat,0,0,1191,-247,-65
back,squat,0,0,1155,-266,-72
back,squat,0,0,1142,-274,-5
back,squat,0,0,1172,-238,61
back,squat,0,0,1205,-206,42
back,squat,0,0,1205,-237,16
back,squat,0,0,1204,-265,-3
back,squat,0,0,1183,-295,-21
back,squat,0,0,1211,-270,46
back,squat,0,0,1240,-246,32
back,squat,0,0,1227,-210,4
back,squat,0,0,1196,-279,20
back,squat,0,0,1239,-289,103
back,squat,0,0,1221,-229,8
back,squat,0,0,1169,-251,99
back,squat,0,0,1177,-222,163
back,squat,0,0,1180,-211,165
back,squat,0,0,1144,-231,15
back,squat,0,0,1141,-222,95
back,squat,0,0,1105,-200,195
back,squat,0,0,1128,-201,252
back,squat,0,0,1120,-224,112
back,squat,0,0,1112,-232,152
back,squat,0,0,1096,-232,175
back,squat,0,0,1119,-209,176
back,squat,0,0,1098,-215,198
back,squat,0,0,1096,-238,142
back,squat,0,0,1096,-219,215
back,squat,0,0,1089,-237,175
back,squat,0,0,1108,-233,188
back,squat,0,0,1112,-225,199
back,squat,0,0,1092,-211,154
back,squat,0,0,1082,-259,208
back,squat,0,0,1055,-266,224
back,squat,0,0,1030,-234,158
back,squat,0,0,1012,-177,154
back,squat,0,0,997,-183,183
back,squat,0,0,953,-142,64
back,squat,0,0,931,-158,84
back,squat,0,0,917,-150,73
back,squat,0,0,912,-161,94
back,squat,0,0,917,-181,150
back,squat,0,0,939,-170,106
back,squat,0,0,929,-169,87
back,squat,0,0,876,-158,37
back,squat,0,0,852,-153,19
back,squat,0,0,848,-143,73
back,squat,0,0,828,-120,56
back,squat,0,0,816,-100,-42
back,squat,0,0,787,-121,-23
back,squat,0,0,741,-142,30
back,squat,0,0,691,-137,-51
back,squat,0,0,624,-160,-65
back,squat,0,0,600,-154,-20
back,squat,0,0,580,-115,-35
back,squat,0,0,533,-56,-91
back,squat,0,0,520,-48,-101
back,squat,0,0,536,-62,-168
back,squat,0,0,552,-63,-242
back,squat,0,0,639,-95,-231
back,squat,0,0,774,-134,-78
back,squat,0,0,812,-146,-134
back,squat,0,0,898,-218,-233
back,squat,0,0,977,-256,-134
back,squat,0,0,1019,-257,-260
back,squat,0,0,1032,-264,-382
back,squat,0,0,1026,-261,-272
back,squat,0,0,981,-240,-212
back,squat,0,0,948,-239,-172
back,squat,0,0,900,-231,-129
back,squat,0,0,839,-214,-134
back,squat,0,0,822,-176,-97
back,squat,0,0,768,-160,-144
back,squat,0,0,744,-176,-176
back,squat,0,0,798,-168,-168
back,squat,0,0,785,-145,-77
back,squat,0,0,791,-211,-79
back,squat,0,0,814,-216,-116
back,squat,0,0,837,-166,23
back,squat,0,0,847,-174,-2
back,squat,0,0,896,-176,19
back,squat,0,0,871,-176,-29
back,squat,0,0,903,-176,-33
back,squat,0,0,880,-201,-127
back,squat,0,0,878,-202,-65
back,squat,0,0,916,-194,20
back,squat,0,0,899,-186,22
back,squat,0,0,905,-195,68
back,squat,0,0,929,-206,99
back,squat,0,0,952,-186,82
back,squat,0,0,971,-197,56
back,squat,0,0,951,-203,48
back,squat,0,0,956,-190,28
back,squat,0,0,973,-203,73
back,squat,0,0,962,-216,117
back,squat,0,0,961,-198,98
back,squat,0,0,942,-188,76
back,squat,0,0,928,-188,84
back,squat,0,0,944,-184,116
back,squat,0,0,944,-172,67
back,squat,0,0,921,-156,7
back,squat,0,0,908,-156,28
back,squat,0,0,902,-167,32
back,squat,0,0,894,-163,26
back,squat,0,0,907,-144,25
back,squat,0,0,915,-159,17
back,squat,0,0,923,-184,36
back,squat,0,0,933,-174,118
back,squat,0,0,939,-159,65
back,squat,0,0,937,-183,106
back,squat,0,0,962,-200,112
back,squat,0,0,960,-190,49
back,squat,0,0,938,-162,-103
back,squat,0,0,946,-165,33
back,squat,0,0,951,-152,-13
back,squat,0,0,949,-161,-72
back,squat,0,0,984,-207,114
back,squat,0,0,1030,-204,248
back,squat,0,0,1013,-230,95
back,squat,0,0,985,-217,-211
back,squat,0,0,994,-217,86
back,squat,0,0,1012,-132,57
back,squat,0,0,939,-208,-76
back,squat,0,0,1023,-225,42
back,squat,0,0,945,-287,206
back,squat,0,0,998,-187,-2
back,squat,0,0,947,-207,-145
back,squat,0,0,877,-178,-204
back,squat,0,0,938,-264,40
back,squat,0,0,1044,-222,300
back,squat,0,0,986,-153,-98
back,squat,0,0,949,-185,-187
back,squat,0,0,977,-239,-99
back,squat,0,0,1056,-215,31
back,squat,0,0,1047,-221,24
back,squat,0,0,1065,-224,-46
back,squat,0,0,1078,-236,-112
back,squat,0,0,1086,-234,-34
back,squat,0,0,1059,-232,-137
back,squat,0,0,1054,-243,-81
back,squat,0,0,1105,-270,136
back,squat,0,0,1133,-254,-20
back,squat,0,0,1116,-250,-124
back,squat,0,0,1109,-300,26
back,squat,0,0,1112,-318,-12
back,squat,0,0,1103,-275,-17
back,squat,0,0,1127,-212,-32
back,squat,0,0,1148,-201,-88
back,squat,0,0,1148,-228,-76
back,squat,0,0,1152,-264,-16
back,squat,0,0,1179,-269,-26
back,squat,0,0,1201,-259,-140
back,squat,0,0,1192,-258,-108
back,squat,0,0,1199,-227,-22
back,squat,0,0,1205,-224,-22
back,squat,0,0,1209,-248,52
back,squat,0,0,1201,-257,43
back,squat,0,0,1187,-288,-22
back,squat,0,0,1235,-304,-27
back,squat,0,0,1219,-277,38
back,squat,0,0,1210,-277,90
back,squat,0,0,1210,-250,66
back,squat,0,0,1186,-264,6
back,squat,0,0,1161,-286,65
back,squat,0,0,1131,-268,52
back,squat,0,0,1108,-227,89
back,squat,0,0,1089,-239,61
back,squat,0,0,1095,-234,95
back,squat,0,0,1086,-251,125
back,squat,0,0,1071,-273,53
back,squat,0,0,1063,-276,109
back,squat,0,0,1053,-238,234
back,squat,0,0,1010,-217,151
back,squat,0,0,1055,-233,128
back,squat,0,0,1032,-256,128
back,squat,0,0,1024,-256,240
back,squat,0,0,1078,-256,92
back,squat,0,0,1019,-279,172
back,squat,0,0,1046,-287,303
back,squat,0,0,1048,-244,188
back,squat,0,0,1048,-233,119
back,squat,0,0,1041,-295,119
back,squat,0,0,1067,-277,250
back,squat,0,0,1039,-225,325
back,squat,0,0,1025,-249,147
back,squat,0,0,980,-237,136
back,squat,0,0,980,-232,194
back,squat,0,0,966,-190,99
back,squat,0,0,954,-217,258
back,squat,0,0,895,-192,105
back,squat,0,0,883,-165,49
back,squat,0,0,888,-236,151
back,squat,0,0,893,-204,145
back,squat,0,0,860,-183,28
back,squat,0,0,815,-202,35
back,squat,0,0,814,-194,144
back,squat,0,0,792,-133,118
back,squat,0,0,746,-132,6
back,squat,0,0,685,-164,-83
back,squat,0,0,631,-160,-62
back,squat,0,0,592,-120,28
back,squat,0,0,553,-96,45
back,squat,0,0,540,-108,28
back,squat,0,0,533,-87,-17
back,squat,0,0,527,-66,-137
back,squat,0,0,578,-70,-190
back,squat,0,0,655,-84,-131
back,squat,0,0,735,-151,-119
back,squat,0,0,868,-219,-119
back,squat,0,0,954,-272,-89
back,squat,0,0,1002,-274,-228
back,squat,0,0,1033,-266,-280
back,squat,0,0,1052,-221,-211
back,squat,0,0,1034,-198,-246
back,squat,0,0,1007,-221,-230
back,squat,0,0,964,-242,-105
back,squat,0,0,914,-244,-90
back,squat,0,0,880,-215,-151
back,squat,0,0,836,-166,-229
back,squat,0,0,817,-149,-250
back,squat,0,0,827,-133,-199
back,squat,0,0,850,-179,-132
back,squat,0,0,876,-209,-172
back,squat,0,0,928,-216,-118
back,squat,0,0,937,-208,-81
back,squat,0,0,968,-224,-111
back,squat,0,0,968,-208,-41
back,squat,0,0,976,-208,-9
back,squat,0,0,938,-200,0
back,squat,0,0,929,-200,-30
back,squat,0,0,913,-185,-17
back,squat,0,0,905,-155,-45
back,squat,0,0,876,-159,-34
back,squat,0,0,913,-174,-25
back,squat,0,0,900,-176,9
back,squat,0,0,909,-169,-23
back,squat,0,0,925,-174,0
back,squat,0,0,922,-182,20
back,squat,0,0,944,-184,54
back,squat,0,0,934,-190,58
back,squat,0,0,945,-186,10
back,squat,0,0,907,-184,-8
back,squat,0,0,877,-173,-8
back,squat,0,0,872,-173,34
back,squat,0,0,872,-151,66
back,squat,0,0,877,-161,47
back,squat,0,0,875,-176,75
back,squat,0,0,877,-190,39
back,squat,0,0,876,-182,1
back,squat,0,0,889,-172,-9
back,squat,0,0,908,-176,-16
back,squat,0,0,916,-200,20
back,squat,0,0,924,-201,83
back,squat,0,0,943,-187,79
back,squat,0,0,964,-211,64
back,squat,0,0,961,-224,94
back,squat,0,0,952,-227,86
back,squat,0,0,967,-214,53
back,squat,0,0,969,-199,-25
back,squat,0,0,936,-216,1
back,squat,0,0,968,-210,88
back,squat,0,0,976,-220,89
back,squat,0,0,934,-203,54
back,squat,0,0,968,-238,40
back,squat,0,0,970,-244,43
back,squat,0,0,972,-199,99
back,squat,0,0,960,-181,-3
back,squat,0,0,964,-233,-9
back,squat,0,0,984,-221,17
back,squat,0,0,978,-148,-1
back,squat,0,0,951,-260,94
back,squat,0,0,999,-223,122
back,squat,0,0,993,-159,7
back,squat,0,0,998,-230,0
back,squat,0,0,970,-200,101
back,squat,0,0,1015,-199,40
back,squat,0,0,968,-168,24
back,squat,0,0,936,-240,96
back,squat,0,0,959,-186,158
back,squat,0,0,975,-176,114
back,squat,0,0,931,-154,-156
back,squat,0,0,928,-218,6
back,squat,0,0,971,-267,174
back,squat,0,0,990,-237,52
back,squat,0,0,965,-198,100
back,squat,0,0,973,-212,52
back,squat,0,0,943,-216,-207
back,squat,0,0,949,-273,-80
back,squat,0,0,1002,-238,179
back,squat,0,0,992,-188,101
back,squat,0,0,931,-211,-103
back,squat,0,0,929,-235,-51
back,squat,0,0,953,-218,31
back,squat,0,0,965,-192,32
back,squat,0,0,968,-237,71
back,squat,0,0,999,-254,106
back,squat,0,0,1016,-243,8
back,squat,0,0,1026,-192,-80
back,squat,0,0,1051,-206,-22
back,squat,0,0,1095,-267,77
back,squat,0,0,1129,-413,69
back,squat,0,0,1153,-408,-18
back,squat,0,0,1144,-264,-4
back,squat,0,0,1162,-228,-13
back,squat,0,0,1175,-236,-51
back,squat,0,0,1136,-258,45
back,squat,0,0,1139,-283,51
back,squat,0,0,1138,-259,-58
back,squat,0,0,1146,-225,-81
back,squat,0,0,1176,-234,-18
back,squat,0,0,1184,-229,21
back,squat,0,0,1190,-227,-24
back,squat,0,0,1183,-212,-13
back,squat,0,0,1223,-242,8
back,squat,0,0,1221,-263,67
back,squat,0,0,1168,-304,8
back,squat,0,0,1186,-326,19
back,squat,0,0,1255,-387,59
back,squat,0,0,1262,-320,75
back,squat,0,0,1187,-253,89
back,squat,0,0,1191,-280,98
back,squat,0,0,1134,-278,103
back,squat,0,0,1123,-268,46
back,squat,0,0,1140,-300,107
back,squat,0,0,1095,-254,217
back,squat,0,0,1080,-234,127
back,squat,0,0,1088,-272,108
back,squat,0,0,1072,-256,239
back,squat,0,0,1072,-240,161
back,squat,0,0,1025,-263,199
back,squat,0,0,1047,-256,192
back,squat,0,0,1041,-256,177
back,squat,0,0,1062,-249,147
back,squat,0,0,1064,-227,158
back,squat,0,0,1043,-266,237
back,squat,0,0,1067,-258,228
back,squat,0,0,1052,-309,224
back,squat,0,0,1081,-287,244
back,squat,0,0,1044,-267,159
back,squat,0,0,1063,-264,248
back,squat,0,0,1036,-306,183
back,squat,0,0,1006,-273,99
back,squat,0,0,994,-267,257
back,squat,0,0,981,-266,150
back,squat,0,0,944,-177,45
back,squat,0,0,907,-189,74
back,squat,0,0,876,-247,183
back,squat,0,0,889,-224,168
back,squat,0,0,871,-186,47
back,squat,0,0,848,-144,-36
back,squat,0,0,835,-133,60
back,squat,0,0,824,-179,165
back,squat,0,0,816,-175,134
back,squat,0,0,772,-148,36
back,squat,0,0,751,-133,-16
back,squat,0,0,757,-94,-78
back,squat,0,0,733,-86,-153
back,squat,0,0,693,-124,-70
back,squat,0,0,659,-136,16
back,squat,0,0,667,-140,26
back,squat,0,0,657,-178,13
back,squat,0,0,621,-160,-101
back,squat,0,0,600,-131,-93
back,squat,0,0,619,-97,-117
back,squat,0,0,680,-66,-216
back,squat,0,0,720,-45,-264
back,squat,0,0,753,-104,-158
back,squat,0,0,887,-194,-102
back,squat,0,0,987,-256,-89
back,squat,0,0,972,-259,-92
back,squat,0,0,1000,-276,-212
back,squat,0,0,1040,-284,-196
back,squat,0,0,1034,-218,-217
back,squat,0,0,993,-232,-224
back,squat,0,0,993,-234,-218
back,squat,0,0,920,-253,-161
back,squat,0,0,918,-208,-176
back,squat,0,0,887,-200,-172
back,squat,0,0,848,-184,-288
back,squat,0,0,856,-168,-184
back,squat,0,0,895,-168,-75
back,squat,0,0,888,-183,-163
back,squat,0,0,933,-229,-138
back,squat,0,0,921,-210,-165
back,squat,0,0,934,-222,-175
back,squat,0,0,915,-203,-239
back,squat,0,0,960,-234,-180
back,squat,0,0,941,-213,-208
back,squat,0,0,929,-221,-236
back,squat,0,0,903,-230,-183
back,squat,0,0,915,-232,-162
back,squat,0,0,890,-220,-190
back,squat,0,0,880,-216,-235
back,squat,0,0,886,-216,-179
back,squat,0,0,905,-227,-85
back,squat,0,0,934,-232,-83
back,squat,0,0,928,-211,-138
back,squat,0,0,910,-231,-145
back,squat,0,0,929,-223,-92
back,squat,0,0,930,-213,-74
back,squat,0,0,920,-221,-122
back,squat,0,0,907,-233,-130
back,squat,0,0,905,-223,-47
back,squat,0,0,908,-200,-9
back,squat,0,0,912,-204,-40
back,squat,0,0,908,-224,-25
back,squat,0,0,907,-217,8
back,squat,0,0,913,-200,-3
back,squat,0,0,904,-203,-26
back,squat,0,0,894,-214,-37
back,squat,0,0,883,-215,-1
back,squat,0,0,882,-197,39
back,squat,0,0,869,-192,13
back,squat,0,0,864,-197,-3
back,squat,0,0,864,-210,3
back,squat,0,0,864,-205,-1
back,squat,0,0,868,-176,10
back,squat,0,0,876,-178,-2
back,squat,0,0,868,-193,21
back,squat,0,0,887,-217,42
back,squat,0,0,912,-196,58
back,squat,0,0,912,-217,96
back,squat,0,0,916,-225,58
back,squat,0,0,935,-229,67
back,squat,0,0,931,-209,41
back,squat,0,0,954,-217,100
back,squat,0,0,976,-232,-19
back,squat,0,0,975,-233,51
back,squat,0,0,953,-255,113
back,squat,0,0,976,-216,152
back,squat,0,0,976,-264,104
back,squat,0,0,1015,-210,3
back,squat,0,0,978,-216,30
back,squat,0,0,991,-238,-35
back,squat,0,0,1014,-233,113
back,squat,0,0,1009,-218,99
back,squat,0,0,980,-216,54
back,squat,0,0,1010,-189,116
back,squat,0,0,989,-237,88
back,squat,0,0,991,-268,80
back,squat,0,0,986,-215,67
back,squat,0,0,965,-206,95
back,squat,0,0,954,-196,-29
back,squat,0,0,946,-216,34
back,squat,0,0,978,-178,61
back,squat,0,0,964,-188,62
back,squat,0,0,968,-227,37
back,squat,0,0,939,-266,134
back,squat,0,0,1007,-158,34
back,squat,0,0,977,-162,-26
back,squat,0,0,942,-237,40
back,squat,0,0,947,-251,141
back,squat,0,0,980,-194,107
back,squat,0,0,952,-139,-176
back,squat,0,0,883,-157,-177
back,squat,0,0,904,-200,96
back,squat,0,0,959,-247,227
back,squat,0,0,983,-239,90
back,squat,0,0,950,-213,-397
back,squat,0,0,930,-186,-306
back,squat,0,0,950,-147,132
back,squat,0,0,903,-215,-80
back,squat,0,0,955,-263,115
back,squat,0,0,1045,-271,163
back,squat,0,0,989,-198,-56
back,squat,0,0,989,-191,-174
back,squat,0,0,1014,-219,31
back,squat,0,0,1050,-219,136
back,squat,0,0,1052,-252,38
back,squat,0,0,1049,-257,1
back,squat,0,0,1072,-229,-22
back,squat,0,0,1061,-216,-17
back,squat,0,0,1144,-224,-32
back,squat,0,0,1108,-269,-40
back,squat,0,0,1128,-296,112
back,squat,0,0,1131,-292,-103
back,squat,0,0,1155,-258,-80
back,squat,0,0,1182,-279,72
back,squat,0,0,1154,-273,-31
back,squat,0,0,1192,-296,-14
back,squat,0,0,1200,-296,40
back,squat,0,0,1176,-272,-64
back,squat,0,0,1199,-288,-33
back,squat,0,0,1223,-326,14
back,squat,0,0,1217,-283,-51
back,squat,0,0,1245,-302,-41
back,squat,0,0,1212,-311,17
back,squat,0,0,1215,-298,38
back,squat,0,0,1209,-282,60
back,squat,0,0,1195,-307,-63
back,squat,0,0,1185,-279,-3
back,squat,0,0,1152,-266,111
back,squat,0,0,1163,-239,68
back,squat,0,0,1156,-232,54
back,squat,0,0,1123,-256,97
back,squat,0,0,1089,-264,95
back,squat,0,0,1091,-275,138
back,squat,0,0,1096,-269,149
back,squat,0,0,1064,-248,149
back,squat,0,0,1058,-240,152
back,squat,0,0,1044,-240,147
back,squat,0,0,1027,-240,115
back,squat,0,0,1033,-249,133
back,squat,0,0,1058,-229,164
back,squat,0,0,1072,-238,164
back,squat,0,0,1072,-252,189
back,squat,0,0,1076,-248,240
back,squat,0,0,1088,-264,183
back,squat,0,0,1081,-268,96
back,squat,0,0,1064,-268,145
back,squat,0,0,1067,-255,205
back,squat,0,0,1062,-232,155
back,squat,0,0,1030,-256,122
back,squat,0,0,997,-290,220
back,squat,0,0,987,-261,230
back,squat,0,0,973,-216,81
back,squat,0,0,958,-215,59
back,squat,0,0,945,-234,136
back,squat,0,0,943,-192,127
back,squat,0,0,884,-172,23
back,squat,0,0,916,-188,104
back,squat,0,0,914,-203,68
back,squat,0,0,940,-223,144
back,squat,0,0,881,-241,116
back,squat,0,0,846,-163,-17
back,squat,0,0,822,-131,20
back,squat,0,0,743,-96,-15
back,squat,0,0,671,-95,-71
back,squat,0,0,652,-91,-51
back,squat,0,0,600,-130,116
back,squat,0,0,606,-158,39
back,squat,0,0,543,-96,-1
back,squat,0,0,489,-104,-71
back,squat,0,0,558,-42,-251
back,squat,0,0,568,-25,-233
back,squat,0,0,620,-31,-150
back,squat,0,0,675,-127,-290
back,squat,0,0,780,-243,3
back,squat,0,0,932,-263,-135
back,squat,0,0,966,-271,-262
back,squat,0,0,968,-285,-253
back,squat,0,0,981,-242,-313
back,squat,0,0,984,-257,-214
back,squat,0,0,996,-252,-159
back,squat,0,0,988,-278,-128
back,squat,0,0,949,-306,-102
back,squat,0,0,913,-272,-136
back,squat,0,0,876,-217,-185
back,squat,0,0,853,-195,-205
back,squat,0,0,837,-208,-187
back,squat,0,0,842,-201,-196
back,squat,0,0,868,-202,-213
back,squat,0,0,909,-213,-211
back,squat,0,0,914,-221,-213
back,squat,0,0,913,-233,-216
back,squat,0,0,950,-227,-246
back,squat,0,0,951,-220,-264
back,squat,0,0,924,-236,-252
back,squat,0,0,928,-229,-229
back,squat,0,0,936,-208,-230
back,squat,0,0,940,-215,-224
back,squat,0,0,941,-217,-177
back,squat,0,0,933,-214,-162
back,squat,0,0,922,-218,-161
back,squat,0,0,912,-205,-167
back,squat,0,0,915,-197,-160
back,squat,0,0,917,-189,-179
back,squat,0,0,914,-191,-174
back,squat,0,0,925,-213,-147
back,squat,0,0,938,-228,-151
back,squat,0,0,948,-238,-216
back,squat,0,0,960,-230,-292
back,squat,0,0,960,-227,-286
back,squat,0,0,966,-246,-206
back,squat,0,0,989,-273,-165
back,squat,0,0,968,-279,-200
back,squat,0,0,921,-266,-239
back,squat,0,0,926,-224,-179
back,squat,0,0,913,-224,-196
back,squat,0,0,919,-223,-163
back,squat,0,0,912,-216,-204
back,squat,0,0,904,-224,-138
back,squat,0,0,904,-216,-192
back,squat,0,0,928,-232,-256
back,squat,0,0,944,-224,-233
back,squat,0,0,967,-194,-186
back,squat,0,0,975,-214,-206
back,squat,0,0,969,-209,-215
back,squat,0,0,968,-237,-223
back,squat,0,0,961,-205,-168
back,squat,0,0,946,-214,-167
back,squat,0,0,944,-196,-181
back,squat,0,0,944,-199,-177
back,squat,0,0,938,-206,-157
back,squat,0,0,930,-189,-183
back,squat,0,0,928,-190,-204
back,squat,0,0,922,-198,-226
back,squat,0,0,926,-200,-180
back,squat,0,0,922,-194,-143
back,squat,0,0,882,-192,-174
back,squat,0,0,875,-181,-181
back,squat,0,0,911,-166,-151
back,squat,0,0,948,-204,-141
back,squat,0,0,970,-227,-211
back,squat,0,0,981,-238,-251
back,squat,0,0,1002,-221,-199
back,squat,0,0,1029,-213,-203
back,squat,0,0,1028,-249,-207
back,squat,0,0,1012,-268,-164
back,squat,0,0,989,-252,-148
back,squat,0,0,950,-225,-137
back,squat,0,0,917,-197,-132
back,squat,0,0,894,-181,-126
back,squat,0,0,874,-186,-118
back,squat,0,0,867,-197,-137
back,squat,0,0,872,-192,-158
back,squat,0,0,875,-200,-149
back,squat,0,0,890,-224,-130
back,squat,0,0,912,-238,-166
back,squat,0,0,910,-232,-151
back,squat,0,0,900,-228,-100
back,squat,0,0,888,-220,-26
back,squat,0,0,881,-230,-37
back,squat,0,0,856,-217,-44
back,squat,0,0,853,-189,-3
back,squat,0,0,837,-175,-16
back,squat,0,0,822,-169,-16
back,squat,0,0,809,-176,-17
back,squat,0,0,820,-177,-24
back,squat,0,0,852,-184,-25
back,squat,0,0,807,-185,-42
back,squat,0,0,802,-192,-59
back,squat,0,0,848,-199,38
back,squat,0,0,848,-168,-16
back,squat,0,0,896,-160,-32
back,squat,0,0,873,-199,15
back,squat,0,0,864,-215,-7
back,squat,0,0,901,-238,96
back,squat,0,0,889,-204,53
back,squat,0,0,924,-214,62
back,squat,0,0,949,-209,50
back,squat,0,0,938,-188,0
back,squat,0,0,896,-211,59
back,squat,0,0,927,-216,59
back,squat,0,0,942,-203,50
back,squat,0,0,932,-200,5
back,squat,0,0,916,-200,-20
back,squat,0,0,947,-200,64
back,squat,0,0,920,-206,33
back,squat,0,0,904,-191,-48
back,squat,0,0,953,-179,9
back,squat,0,0,939,-192,164
back,squat,0,0,961,-195,158
back,squat,0,0,969,-227,-97
back,squat,0,0,965,-167,-74
back,squat,0,0,945,-205,111
back,squat,0,0,973,-285,105
back,squat,0,0,1008,-257,86
back,squat,0,0,983,-236,116
back,squat,0,0,968,-224,36
back,squat,0,0,945,-223,-63
back,squat,0,0,975,-178,-117
back,squat,0,0,977,-142,-79
back,squat,0,0,918,-210,88
back,squat,0,0,970,-240,166
back,squat,0,0,999,-227,118
back,squat,0,0,1001,-177,-3
back,squat,0,0,957,-197,-95
back,squat,0,0,965,-226,-43
back,squat,0,0,1002,-254,58
back,squat,0,0,1029,-237,209
back,squat,0,0,1023,-242,17
back,squat,0,0,984,-228,-114
back,squat,0,0,1008,-233,-55
back,squat,0,0,1008,-218,-77
back,squat,0,0,1023,-259,-40
back,squat,0,0,1083,-272,69
back,squat,0,0,1054,-265,72
back,squat,0,0,1042,-219,-68
back,squat,0,0,1054,-193,-97
back,squat,0,0,1048,-273,-81
back,squat,0,0,1124,-283,155
back,squat,0,0,1075,-319,83
back,squat,0,0,1136,-303,-16
back,squat,0,0,1144,-256,-16
back,squat,0,0,1136,-240,-24
back,squat,0,0,1136,-240,-249
back,squat,0,0,1151,-347,18
back,squat,0,0,1234,-322,203
back,squat,0,0,1233,-262,19
back,squat,0,0,1268,-256,-100
back,squat,0,0,1230,-305,0
back,squat,0,0,1265,-305,-32
back,squat,0,0,1279,-311,7
back,squat,0,0,1306,-305,114
back,squat,0,0,1287,-272,-10
back,squat,0,0,1255,-320,2
back,squat,0,0,1260,-288,40
back,squat,0,0,1264,-254,-46
back,squat,0,0,1224,-294,-17
back,squat,0,0,1241,-334,119
back,squat,0,0,1202,-295,163
back,squat,0,0,1155,-261,50
back,squat,0,0,1139,-246,43
back,squat,0,0,1121,-240,102
back,squat,0,0,1093,-259,197
back,squat,0,0,1099,-295,197
back,squat,0,0,1116,-290,205
back,squat,0,0,1094,-263,180
back,squat,0,0,1072,-248,78
back,squat,0,0,1088,-244,104
back,squat,0,0,1092,-244,199
back,squat,0,0,1084,-255,172
back,squat,0,0,1077,-258,137
back,squat,0,0,1077,-227,128
back,squat,0,0,1093,-243,82
back,squat,0,0,1076,-290,166
back,squat,0,0,1071,-271,231
back,squat,0,0,1096,-259,100
back,squat,0,0,1065,-261,21
back,squat,0,0,1000,-246,88
back,squat,0,0,993,-226,243
back,squat,0,0,974,-234,259
back,squat,0,0,964,-244,92
back,squat,0,0,932,-256,55
back,squat,0,0,854,-254,111
back,squat,0,0,819,-241,20
back,squat,0,0,827,-193,40
back,squat,0,0,799,-118,55
back,squat,0,0,782,-113,138
back,squat,0,0,713,-179,89
back,squat,0,0,721,-199,33
back,squat,0,0,726,-187,35
back,squat,0,0,694,-119,-140
back,squat,0,0,663,-106,-71
back,squat,0,0,640,-160,-31
back,squat,0,0,672,-192,63
back,squat,0,0,664,-145,41
back,squat,0,0,618,-121,-127
back,squat,0,0,594,-142,-99
back,squat,0,0,577,-122,-74
back,squat,0,0,640,-56,-108
back,squat,0,0,634,-97,-140
back,squat,0,0,659,-124,-219
back,squat,0,0,731,-141,-19
back,squat,0,0,855,-183,-74
back,squat,0,0,905,-262,-109
back,squat,0,0,924,-268,-155
back,squat,0,0,976,-270,-114
back,squat,0,0,974,-243,-143
back,squat,0,0,985,-226,-189
back,squat,0,0,953,-246,-161
back,squat,0,0,968,-229,-117
back,squat,0,0,942,-227,-125
back,squat,0,0,910,-227,-197
back,squat,0,0,884,-214,-232
back,squat,0,0,882,-184,-179
back,squat,0,0,879,-163,-93
back,squat,0,0,872,-200,-52
back,squat,0,0,868,-236,-78
back,squat,0,0,864,-236,-54
back,squat,0,0,860,-224,-48
back,squat,0,0,841,-201,-65
back,squat,0,0,813,-177,-73
back,squat,0,0,786,-200,-94
back,squat,0,0,775,-206,-28
back,squat,0,0,784,-163,45
back,squat,0,0,787,-162,43
back,squat,0,0,792,-169,14
back,squat,0,0,792,-197,10
back,squat,0,0,795,-174,-24
back,squat,0,0,810,-146,-42
back,squat,0,0,834,-173,-59
back,squat,0,0,855,-188,-56
back,squat,0,0,898,-208,44
back,squat,0,0,906,-225,62
back,squat,0,0,904,-202,3
back,squat,0,0,871,-211,22
back,squat,0,0,875,-223,57
back,squat,0,0,929,-209,92
back,squat,0,0,937,-171,30
back,squat,0,0,942,-196,68
back,squat,0,0,932,-233,28
back,squat,0,0,969,-240,5
back,squat,0,0,977,-241,185
back,squat,0,0,1000,-264,197
back,squat,0,0,1016,-248,112
back,squat,0,0,992,-208,80
back,squat,0,0,1000,-224,150
back,squat,0,0,1015,-254,23
back,squat,0,0,956,-234,-66
back,squat,0,0,1025,-247,191
back,squat,0,0,1025,-205,-20
back,squat,0,0,1010,-242,-76
back,squat,0,0,1035,-296,152
back,squat,0,0,1080,-197,132
back,squat,0,0,1003,-156,120
back,squat,0,0,997,-216,-153
back,squat,0,0,988,-282,160
back,squat,0,0,1020,-187,193
back,squat,0,0,985,-170,-32
back,squat,0,0,985,-165,-167
back,squat,0,0,992,-227,59
back,squat,0,0,987,-218,163
back,squat,0,0,989,-226,13
back,squat,0,0,977,-215,-13
back,squat,0,0,958,-205,21
back,squat,0,0,966,-222,29
back,squat,0,0,953,-237,-37
back,squat,0,0,940,-200,-57
back,squat,0,0,966,-164,28
back,squat,0,0,959,-189,51
back,squat,0,0,964,-240,12
back,squat,0,0,1000,-264,92
back,squat,0,0,1008,-238,70
back,squat,0,0,997,-208,-58
back,squat,0,0,997,-215,-57
back,squat,0,0,1016,-230,-61
back,squat,0,0,1010,-255,-1
back,squat,0,0,1017,-274,39
back,squat,0,0,1040,-264,8
back,squat,0,0,1024,-246,-40
back,squat,0,0,1034,-223,-55
back,squat,0,0,1051,-254,-41
back,squat,0,0,1027,-259,-96
back,squat,0,0,1008,-288,-39
back,squat,0,0,1063,-275,42
back,squat,0,0,1086,-234,-58
back,squat,0,0,1083,-246,-144
back,squat,0,0,1097,-277,-44
back,squat,0,0,1110,-304,72
back,squat,0,0,1140,-296,-72
back,squat,0,0,1116,-241,-107
back,squat,0,0,1155,-251,67
back,squat,0,0,1185,-283,83
back,squat,0,0,1191,-327,-88
back,squat,0,0,1176,-303,-77
back,squat,0,0,1192,-256,32
back,squat,0,0,1216,-272,-16
back,squat,0,0,1216,-264,-78
back,squat,0,0,1216,-302,-12
back,squat,0,0,1186,-289,96
back,squat,0,0,1177,-273,53
back,squat,0,0,1205,-258,-16
back,squat,0,0,1173,-277,25
back,squat,0,0,1175,-280,32
back,squat,0,0,1169,-307,52
back,squat,0,0,1175,-292,160
back,squat,0,0,1125,-320,146
back,squat,0,0,1143,-291,31
back,squat,0,0,1122,-256,103
back,squat,0,0,1112,-248,154
back,squat,0,0,1089,-237,177
back,squat,0,0,1074,-243,162
back,squat,0,0,1077,-259,141
back,squat,0,0,1064,-253,73
back,squat,0,0,1036,-253,96
back,squat,0,0,1039,-236,98
back,squat,0,0,1048,-219,118
back,squat,0,0,1039,-216,139
back,squat,0,0,1036,-247,114
back,squat,0,0,1049,-255,156
back,squat,0,0,1056,-223,158
back,squat,0,0,1044,-216,136
back,squat,0,0,1036,-247,179
back,squat,0,0,1040,-257,200
back,squat,0,0,1040,-240,161
back,squat,0,0,1023,-267,85
back,squat,0,0,997,-269,25
back,squat,0,0,995,-188,10
back,squat,0,0,1009,-199,176
back,squat,0,0,988,-263,301
back,squat,0,0,915,-216,83
back,squat,0,0,902,-255,86
back,squat,0,0,894,-238,62
back,squat,0,0,886,-131,14
back,squat,0,0,868,-82,-4
back,squat,0,0,819,-123,-26
back,squat,0,0,774,-165,26
back,squat,0,0,771,-181,38
back,squat,0,0,771,-164,49
back,squat,0,0,703,-143,-35
back,squat,0,0,690,-133,-97
back,squat,0,0,646,-110,-103
back,squat,0,0,631,-96,-92
back,squat,0,0,614,-99,-57
back,squat,0,0,590,-137,-74
back,squat,0,0,561,-151,-123
back,squat,0,0,592,-104,-208
back,squat,0,0,576,-104,-240
back,squat,0,0,692,-81,-263
back,squat,0,0,772,-126,-89
back,squat,0,0,851,-240,-80
back,squat,0,0,1016,-299,-146
back,squat,0,0,982,-290,-338
back,squat,0,0,962,-274,-283
back,squat,0,0,1069,-252,-211
back,squat,0,0,1008,-241,-213
back,squat,0,0,992,-260,-242
back,squat,0,0,954,-264,-146
back,squat,0,0,969,-239,-95
back,squat,0,0,910,-208,-142
back,squat,0,0,864,-200,-148
back,squat,0,0,879,-229,-138
back,squat,0,0,888,-234,-86
back,squat,0,0,888,-216,-134
back,squat,0,0,883,-224,-263
back,squat,0,0,900,-242,-297
back,squat,0,0,927,-223,-155
back,squat,0,0,941,-222,-129
back,squat,0,0,972,-260,-219
back,squat,0,0,979,-262,-225
back,squat,0,0,977,-231,-209
back,squat,0,0,972,-224,-199
back,squat,0,0,952,-232,-188
back,squat,0,0,929,-228,-200
back,squat,0,0,905,-224,-204
back,squat,0,0,885,-220,-182
back,squat,0,0,859,-203,-157
back,squat,0,0,834,-178,-139
back,squat,0,0,836,-168,-141
back,squat,0,0,879,-168,-124
back,squat,0,0,928,-195,-43
back,squat,0,0,957,-256,-152
back,squat,0,0,982,-260,-338
back,squat,0,0,996,-225,-292
back,squat,0,0,1050,-210,-166
back,squat,0,0,1050,-232,-225
back,squat,0,0,1028,-282,-318
back,squat,0,0,1011,-278,-190
back,squat,0,0,983,-237,-151
back,squat,0,0,937,-223,-151
back,squat,0,0,902,-215,-178
back,squat,0,0,888,-207,-144
back,squat,0,0,890,-200,-146
back,squat,0,0,904,-201,-167
back,squat,0,0,906,-210,-237
back,squat,0,0,938,-233,-199
back,squat,0,0,976,-248,-183
back,squat,0,0,984,-240,-160
back,squat,0,0,992,-256,-168
back,squat,0,0,984,-248,-215
back,squat,0,0,961,-233,-193
back,squat,0,0,960,-225,-177
back,squat,0,0,931,-217,-191
back,squat,0,0,914,-187,-199
back,squat,0,0,912,-184,-172
back,squat,0,0,912,-198,-188
back,squat,0,0,879,-207,-172
back,squat,0,0,879,-215,-161
back,squat,0,0,867,-191,-179
back,squat,0,0,883,-178,-159
back,squat,0,0,864,-188,-194
back,squat,0,0,850,-180,-184
back,squat,0,0,877,-182,-147
back,squat,0,0,916,-184,-147
back,squat,0,0,955,-227,-184
back,squat,0,0,979,-259,-268
back,squat,0,0,994,-239,-294
back,squat,0,0,1030,-234,-224
back,squat,0,0,1038,-259,-203
back,squat,0,0,1013,-272,-225
back,squat,0,0,978,-272,-192
back,squat,0,0,947,-246,-121
back,squat,0,0,911,-207,-105
back,squat,0,0,884,-196,-116
back,squat,0,0,872,-204,-108
back,squat,0,0,875,-197,-119
back,squat,0,0,892,-188,-143
back,squat,0,0,913,-199,-152
back,squat,0,0,942,-208,-165
back,squat,0,0,976,-223,-215
back,squat,0,0,1013,-254,-212
back,squat,0,0,1003,-239,-164
back,squat,0,0,1000,-205,-209
back,squat,0,0,1004,-230,-128
back,squat,0,0,960,-226,-135
back,squat,0,0,912,-234,-139
back,squat,0,0,886,-230,-96
back,squat,0,0,873,-196,-70
back,squat,0,0,843,-181,-59
back,squat,0,0,821,-164,-46
back,squat,0,0,804,-153,-68
back,squat,0,0,786,-196,-39
back,squat,0,0,803,-175,10
back,squat,0,0,824,-171,-29
back,squat,0,0,823,-191,-9
back,squat,0,0,810,-177,-12
back,squat,0,0,833,-183,38
back,squat,0,0,854,-168,7
back,squat,0,0,800,-176,-24
back,squat,0,0,800,-160,-88
back,squat,0,0,808,-191,-96
back,squat,0,0,800,-131,-28
back,squat,0,0,822,-150,-76
back,squat,0,0,860,-152,-160
back,squat,0,0,857,-173,46
back,squat,0,0,891,-204,128
back,squat,0,0,957,-208,20
back,squat,0,0,968,-148,-20
back,squat,0,0,968,-195,2
back,squat,0,0,1012,-246,-87
back,squat,0,0,999,-219,-124
back,squat,0,0,968,-196,23
back,squat,0,0,1013,-251,172
back,squat,0,0,1078,-232,99
back,squat,0,0,1024,-199,-128
back,squat,0,0,981,-208,-94
back,squat,0,0,1034,-237,-14
back,squat,0,0,1018,-161,51
back,squat,0,0,1012,-191,40
back,squat,0,0,1034,-288,-37
back,squat,0,0,1059,-260,-3
back,squat,0,0,1045,-189,3
back,squat,0,0,1028,-194,-58
back,squat,0,0,1024,-216,-22
back,squat,0,0,1036,-184,16
back,squat,0,0,987,-160,-54
back,squat,0,0,949,-183,-116
back,squat,0,0,971,-207,-106
back,squat,0,0,984,-176,-21
back,squat,0,0,1008,-171,146
back,squat,0,0,951,-220,72
back,squat,0,0,933,-188,-215
back,squat,0,0,942,-186,-159
back,squat,0,0,971,-154,-28
back,squat,0,0,981,-193,63
back,squat,0,0,992,-225,-15
back,squat,0,0,979,-212,-91
back,squat,0,0,940,-226,-38
back,squat,0,0,937,-216,-67
back,squat,0,0,965,-175,-92
back,squat,0,0,958,-232,-42
back,squat,0,0,973,-232,-40
back,squat,0,0,922,-221,-164
back,squat,0,0,939,-164,-166
back,squat,0,0,960,-195,-37
back,squat,0,0,961,-224,-12
back,squat,0,0,970,-225,-53
back,squat,0,0,998,-232,-120
back,squat,0,0,969,-238,-128
back,squat,0,0,1000,-161,-120
back,squat,0,0,992,-255,-136
back,squat,0,0,1015,-248,-51
back,squat,0,0,1024,-309,20
back,squat,0,0,1046,-305,-43
back,squat,0,0,1033,-268,-99
back,squat,0,0,1032,-257,-40
back,squat,0,0,1039,-263,-116
back,squat,0,0,1026,-271,-46
back,squat,0,0,1044,-219,-25
back,squat,0,0,1041,-247,-57
back,squat,0,0,1027,-250,-115
back,squat,0,0,1024,-229,-116
back,squat,0,0,1042,-218,-52
back,squat,0,0,1036,-234,9
back,squat,0,0,1038,-269,-39
back,squat,0,0,1040,-263,-47
back,squat,0,0,1040,-229,-40
back,squat,0,0,1056,-221,-108
back,squat,0,0,1028,-260,-88
back,squat,0,0,1028,-285,-36
back,squat,0,0,1078,-255,24
back,squat,0,0,1109,-260,-32
back,squat,0,0,1108,-298,-172
back,squat,0,0,1095,-299,-116
back,squat,0,0,1105,-255,-20
back,squat,0,0,1128,-224,-48
back,squat,0,0,1148,-255,-49
back,squat,0,0,1171,-281,-28
back,squat,0,0,1180,-268,-14
back,squat,0,0,1173,-261,-2
back,squat,0,0,1187,-259,-39
back,squat,0,0,1207,-270,-32
back,squat,0,0,1215,-263,35
back,squat,0,0,1245,-243,15
back,squat,0,0,1237,-269,-19
back,squat,0,0,1242,-307,76
back,squat,0,0,1197,-348,200
back,squat,0,0,1197,-279,76
back,squat,0,0,1158,-222,-44
back,squat,0,0,1121,-215,11
back,squat,0,0,1096,-296,122
back,squat,0,0,1090,-303,16
back,squat,0,0,1065,-320,183
back,squat,0,0,1071,-239,134
back,squat,0,0,1062,-233,109
back,squat,0,0,1048,-243,29
back,squat,0,0,1046,-263,17
back,squat,0,0,1027,-258,121
back,squat,0,0,1070,-280,238
back,squat,0,0,1024,-278,48
back,squat,0,0,1040,-224,40
back,squat,0,0,1040,-272,56
back,squat,0,0,1024,-288,110
back,squat,0,0,1024,-265,120
back,squat,0,0,1017,-264,45
back,squat,0,0,987,-257,128
back,squat,0,0,1020,-306,243
back,squat,0,0,968,-326,137
back,squat,0,0,946,-273,24
back,squat,0,0,971,-204,48
back,squat,0,0,898,-172,-22
back,squat,0,0,905,-162,17
back,squat,0,0,918,-247,137
back,squat,0,0,884,-272,65
back,squat,0,0,907,-219,-44
back,squat,0,0,909,-229,-20
back,squat,0,0,871,-201,-67
back,squat,0,0,888,-168,34
back,squat,0,0,893,-207,107
back,squat,0,0,873,-217,-21
back,squat,0,0,839,-178,-86
back,squat,0,0,786,-160,-70
back,squat,0,0,737,-160,-32
back,squat,0,0,684,-147,-30
back,squat,0,0,613,-153,-26
back,squat,0,0,568,-143,-29
back,squat,0,0,548,-88,-52
back,squat,0,0,524,-48,-79
back,squat,0,0,505,-55,-104
back,squat,0,0,510,-86,-178
back,squat,0,0,562,-91,-248
back,squat,0,0,695,-85,-91
back,squat,0,0,842,-153,26
back,squat,0,0,887,-241,-155
back,squat,0,0,923,-259,-236
back,squat,0,0,962,-241,-209
back,squat,0,0,1000,-202,-291
back,squat,0,0,1009,-235,-275
back,squat,0,0,1021,-256,-226
back,squat,0,0,992,-242,-132
back,squat,0,0,985,-277,-170
back,squat,0,0,952,-281,-191
back,squat,0,0,911,-218,-251
back,squat,0,0,875,-191,-267
back,squat,0,0,881,-190,-282
back,squat,0,0,846,-225,-280
back,squat,0,0,891,-232,-174
back,squat,0,0,921,-231,-221
back,squat,0,0,929,-225,-192
back,squat,0,0,936,-239,-194
back,squat,0,0,944,-216,-223
back,squat,0,0,952,-224,-193
back,squat,0,0,952,-208,-255
back,squat,0,0,936,-247,-209
back,squat,0,0,936,-202,-193
back,squat,0,0,936,-230,-185
back,squat,0,0,936,-203,-206
back,squat,0,0,929,-214,-201
back,squat,0,0,928,-209,-172
back,squat,0,0,928,-208,-168
back,squat,0,0,928,-201,-195
back,squat,0,0,928,-213,-180
back,squat,0,0,941,-216,-132
back,squat,0,0,932,-216,-157
back,squat,0,0,934,-210,-156
back,squat,0,0,936,-220,-152
back,squat,0,0,925,-230,-135
back,squat,0,0,931,-215,-111
back,squat,0,0,925,-208,-142
back,squat,0,0,909,-203,-155
back,squat,0,0,899,-205,-121
back,squat,0,0,896,-218,-119
back,squat,0,0,886,-214,-114
back,squat,0,0,908,-217,-62
back,squat,0,0,915,-215,-59
back,squat,0,0,908,-204,-102
back,squat,0,0,933,-192,-103
back,squat,0,0,924,-192,-72
back,squat,0,0,919,-200,-25
back,squat,0,0,940,-215,-14
back,squat,0,0,936,-221,-54
back,squat,0,0,933,-215,-52
back,squat,0,0,918,-218,-37
back,squat,0,0,904,-199,-28
back,squat,0,0,895,-190,7
back,squat,0,0,872,-203,-11
back,squat,0,0,869,-213,15
back,squat,0,0,889,-217,56
back,squat,0,0,863,-202,-5
back,squat,0,0,846,-197,7
back,squat,0,0,860,-170,54
back,squat,0,0,843,-183,-22
back,squat,0,0,831,-201,-60
back,squat,0,0,857,-170,56
back,squat,0,0,853,-139,-59
back,squat,0,0,815,-113,-81
back,squat,0,0,901,-130,101
back,squat,0,0,876,-204,146
back,squat,0,0,846,-243,221
back,squat,0,0,910,-266,96
back,squat,0,0,886,-182,-7
back,squat,0,0,842,-137,16
back,squat,0,0,896,-168,24
back,squat,0,0,824,-160,64
back,squat,0,0,832,-222,157
back,squat,0,0,870,-209,160
back,squat,0,0,842,-119,145
back,squat,0,0,891,-141,-16
back,squat,0,0,832,-272,175
back,squat,0,0,887,-183,186
back,squat,0,0,882,-79,320
back,squat,0,0,900,-151,24
back,squat,0,0,911,-246,32
back,squat,0,0,937,-308,296
back,squat,0,0,975,-221,410
back,squat,0,0,912,-156,104
back,squat,0,0,906,-215,35
back,squat,0,0,958,-280,140
back,squat,0,0,982,-212,326
back,squat,0,0,952,-187,251
back,squat,0,0,947,-255,110
back,squat,0,0,962,-257,123
back,squat,0,0,1012,-205,241
back,squat,0,0,1064,-194,310
back,squat,0,0,1061,-186,167
back,squat,0,0,1048,-234,69
back,squat,0,0,1057,-267,93
back,squat,0,0,1089,-219,187
back,squat,0,0,1148,-208,384
back,squat,0,0,1157,-232,327
back,squat,0,0,1117,-250,3
back,squat,0,0,1118,-290,-18
back,squat,0,0,1166,-285,297
back,squat,0,0,1195,-232,428
back,squat,0,0,1179,-242,212
back,squat,0,0,1175,-325,24
back,squat,0,0,1130,-349,159
back,squat,0,0,1085,-255,406
back,squat,0,0,1102,-192,277
back,squat,0,0,1073,-264,34
back,squat,0,0,1058,-289,68
back,squat,0,0,1072,-270,207
back,squat,0,0,1147,-347,496
back,squat,0,0,1381,-377,707
back,squat,0,0,1539,-318,92
back,squat,0,0,1124,-159,-549
back,squat,0,0,765,-145,-156
back,squat,0,0,895,-319,16
back,squat,0,0,969,-197,397
back,squat,0,0,1186,-172,360
back,squat,0,0,1283,-208,272
back,squat,0,0,1215,-95,180
back,squat,0,0,1347,-80,418
back,squat,0,0,1448,-65,480
back,squat,0,0,1464,-143,472
back,squat,0,0,1402,-198,495
back,squat,0,0,1408,-284,610
back,squat,0,0,1408,-266,311
back,squat,0,0,1320,-220,171
back,squat,0,0,1362,-202,17
back,squat,0,0,1361,-326,230
back,squat,0,0,1189,-173,980
back,squat,0,0,1200,-97,917
back,squat,0,0,1267,-140,639
back,squat,0,0,1286,-165,444
back,squat,0,0,1257,-118,495
back,squat,0,0,1188,-122,653
back,squat,0,0,1180,-152,725
back,squat,0,0,1184,-120,633
back,squat,0,0,1151,-43,458
back,squat,0,0,1104,-5,324
back,squat,0,0,1056,0,235
back,squat,0,0,989,-5,126
back,squat,0,0,916,-18,36
back,squat,0,0,864,-38,-40
back,squat,0,0,811,-29,-81
back,squat,0,0,744,-12,-119
back,squat,0,0,669,-4,-166
back,squat,0,0,607,0,-188
back,squat,0,0,564,-4,-208
back,squat,0,0,540,4,-224
back,squat,0,0,532,12,-206
back,squat,0,0,528,4,-195
back,squat,0,0,541,-7,-238
back,squat,0,0,583,-16,-280
back,squat,0,0,634,-4,-252
back,squat,0,0,679,25,-208
back,squat,0,0,720,45,-203
back,squat,0,0,783,69,-192
back,squat,0,0,872,98,-190
back,squat,0,0,951,109,-193
back,squat,0,0,1023,124,-222
back,squat,0,0,1078,142,-250
back,squat,0,0,1129,164,-284
back,squat,0,0,1160,178,-301
back,squat,0,0,1161,183,-313
back,squat,0,0,1173,172,-272
back,squat,0,0,1204,146,-231
back,squat,0,0,1225,111,-219
back,squat,0,0,1233,98,-184
back,squat,0,0,1237,47,-180
back,squat,0,0,1205,31,-145
back,squat,0,0,1158,22,-151
back,squat,0,0,1119,-7,-128
back,squat,0,0,1072,16,-120
back,squat,0,0,1024,16,-88
back,squat,0,0,970,47,-72
back,squat,0,0,930,78,-80
back,squat,0,0,883,87,-80
back,squat,0,0,851,132,-73
back,squat,0,0,841,179,-58
back,squat,0,0,840,198,-56
back,squat,0,0,840,220,-49
back,squat,0,0,827,224,-68
back,squat,0,0,824,217,-92
back,squat,0,0,824,210,-96
back,squat,0,0,824,196,-115
back,squat,0,0,824,204,-114
back,squat,0,0,836,214,-136
back,squat,0,0,840,227,-150
back,squat,0,0,834,243,-169
back,squat,0,0,827,253,-176
back,squat,0,0,813,256,-181
back,squat,0,0,808,251,-184
back,squat,0,0,798,253,-199
back,squat,0,0,811,256,-232
back,squat,0,0,875,251,-257
back,squat,0,0,975,248,-282
back,squat,0,0,1071,248,-322
back,squat,0,0,1116,248,-323
back,squat,0,0,1112,240,-272
back,squat,0,0,1073,232,-240
back,squat,0,0,1022,221,-236
back,squat,0,0,982,212,-243
back,squat,0,0,963,233,-256
back,squat,0,0,974,259,-259
back,squat,0,0,993,264,-261
back,squat,0,0,1002,249,-271
back,squat,0,0,1000,210,-285
back,squat,0,0,1019,168,-269
back,squat,0,0,1022,129,-275
back,squat,0,0,1016,107,-266
back,squat,0,0,1014,96,-266
back,squat,0,0,1004,104,-246
back,squat,0,0,988,132,-233
back,squat,0,0,976,147,-208
back,squat,0,0,977,161,-211
back,squat,0,0,985,164,-219
back,squat,0,0,991,142,-196
back,squat,0,0,981,126,-217
back,squat,0,0,955,113,-227
back,squat,0,0,908,119,-249
back,squat,0,0,864,114,-262
back,squat,0,0,864,136,-235
back,squat,0,0,857,126,-297
back,squat,0,0,888,56,-336
back,squat,0,0,896,8,-352
back,squat,0,0,880,31,-352
back,squat,0,0,895,100,-299
back,squat,0,0,903,164,-266
back,squat,0,0,933,212,-249
back,squat,0,0,936,216,-227
back,squat,0,0,929,195,-217
back,squat,0,0,942,178,-223
back,squat,0,0,957,176,-237
back,squat,0,0,967,169,-207
back,squat,0,0,993,162,-244
back,squat,0,0,994,166,-200
back,squat,0,0,986,192,-196
back,squat,0,0,972,200,-200
back,squat,0,0,957,206,-229
back,squat,0,0,930,214,-223
back,squat,0,0,915,216,-194
back,squat,0,0,901,205,-231
back,squat,0,0,881,200,-215
back,squat,0,0,862,195,-182
back,squat,0,0,866,192,-166
back,squat,0,0,886,201,-169
back,squat,0,0,914,217,-185
back,squat,0,0,963,224,-188
back,squat,0,0,1004,232,-192
back,squat,0,0,1016,252,-196
back,squat,0,0,1001,276,-180
back,squat,0,0,973,303,-164
back,squat,0,0,953,320,-171
back,squat,0,0,951,310,-181
back,squat,0,0,960,286,-195
back,squat,0,0,969,263,-206
back,squat,0,0,993,239,-182
back,squat,0,0,1013,213,-197
back,squat,0,0,1024,187,-208
back,squat,0,0,1019,176,-206
back,squat,0,0,1001,176,-195
back,squat,0,0,984,178,-182
back,squat,0,0,986,186,-186
back,squat,0,0,992,194,-214
back,squat,0,0,992,200,-206
back,squat,0,0,993,201,-199
back,squat,0,0,999,205,-193
back,squat,0,0,990,191,-194
back,squat,0,0,976,185,-166
back,squat,0,0,975,192,-211
back,squat,0,0,967,192,-231
back,squat,0,0,951,191,-215
back,squat,0,0,935,184,-209
back,squat,0,0,912,184,-232
back,squat,0,0,912,168,-216
back,squat,0,0,920,168,-224
back,squat,0,0,920,168,-232
back,squat,0,0,928,191,-194
back,squat,0,0,943,199,-170
back,squat,0,0,937,200,-175
back,squat,0,0,936,200,-169
back,squat,0,0,929,214,-175
back,squat,0,0,921,223,-162
back,squat,0,0,907,251,-153
back,squat,0,0,917,263,-152
back,squat,0,0,895,270,-177
back,squat,0,0,888,278,-190
back,squat,0,0,876,268,-192
back,squat,0,0,854,258,-186
back,squat,0,0,842,250,-184
back,squat,0,0,829,237,-201
back,squat,0,0,813,248,-213
back,squat,0,0,829,272,-205
back,squat,0,0,891,300,-200
back,squat,0,0,984,322,-220
back,squat,0,0,1053,328,-242
back,squat,0,0,1063,337,-248
back,squat,0,0,1038,340,-226
back,squat,0,0,989,332,-217
back,squat,0,0,943,332,-207
back,squat,0,0,928,340,-212
back,squat,0,0,928,336,-209
back,squat,0,0,935,321,-199
back,squat,0,0,951,294,-209
back,squat,0,0,963,275,-217
back,squat,0,0,965,286,-234
back,squat,0,0,951,311,-209
back,squat,0,0,936,339,-178
back,squat,0,0,939,341,-184
back,squat,0,0,944,333,-211
back,squat,0,0,942,326,-200
back,squat,0,0,941,304,-205
back,squat,0,0,950,272,-227
back,squat,0,0,952,304,-248
back,squat,0,0,974,332,-213
back,squat,0,0,963,346,-166
back,squat,0,0,945,351,-125
back,squat,0,0,953,340,-119
back,squat,0,0,962,320,-153
back,squat,0,0,978,318,-161
back,squat,0,0,993,303,-165
back,squat,0,0,1001,295,-140
back,squat,0,0,1016,287,-95
back,squat,0,0,1016,280,-80
back,squat,0,0,1016,288,-71
back,squat,0,0,1008,288,-48
back,squat,0,0,992,272,-24
back,squat,0,0,1008,249,-55
back,squat,0,0,1031,256,-18
back,squat,0,0,1017,278,21
back,squat,0,0,1009,265,-12
back,squat,0,0,994,293,70
back,squat,0,0,978,296,66
back,squat,0,0,996,276,98
back,squat,0,0,1033,245,51
back,squat,0,0,1053,220,-25
back,squat,0,0,1081,178,-65
back,squat,0,0,1069,112,-128
back,squat,0,0,1058,102,-102
back,squat,0,0,1038,92,-100
back,squat,0,0,1003,94,-133
back,squat,0,0,936,85,-177
back,squat,0,0,885,48,-192
back,squat,0,0,846,-15,-213
back,squat,0,0,812,-106,-316
back,squat,0,0,790,-159,-388
back,squat,0,0,779,-106,-395
back,squat,0,0,776,-32,-309
back,squat,0,0,794,-4,-239
back,squat,0,0,825,9,-275
back,squat,0,0,852,20,-362
back,squat,0,0,860,20,-404
back,squat,0,0,860,31,-381
back,squat,0,0,860,41,-334
back,squat,0,0,874,43,-308
back,squat,0,0,913,53,-325
back,squat,0,0,946,61,-357
back,squat,0,0,972,80,-361
back,squat,0,0,1004,77,-333
back,squat,0,0,1038,67,-312
back,squat,0,0,1082,61,-290
back,squat,0,0,1139,77,-305
back,squat,0,0,1193,102,-293
back,squat,0,0,1199,147,-300
back,squat,0,0,1130,188,-282
back,squat,0,0,1046,228,-251
back,squat,0,0,981,245,-195
back,squat,0,0,972,268,-147
back,squat,0,0,1007,295,-172
back,squat,0,0,1089,326,-243
back,squat,0,0,1150,309,-312
back,squat,0,0,1191,284,-369
back,squat,0,0,1180,244,-371
back,squat,0,0,1140,197,-323
back,squat,0,0,1078,150,-358
back,squat,0,0,1031,119,-312
back,squat,0,0,1008,88,-312
back,squat,0,0,960,56,-288
back,squat,0,0,882,40,-335
back,squat,0,0,850,32,-283
back,squat,0,0,826,25,-265
back,squat,0,0,773,53,-249
back,squat,0,0,718,85,-219
back,squat,0,0,670,88,-216
back,squat,0,0,671,88,-209
back,squat,0,0,699,95,-201
back,squat,0,0,756,122,-193
back,squat,0,0,844,147,-173
back,squat,0,0,914,164,-180
back,squat,0,0,952,174,-172
back,squat,0,0,1001,164,-197
back,squat,0,0,1079,166,-191
back,squat,0,0,1160,185,-190
back,squat,0,0,1211,208,-208
back,squat,0,0,1229,221,-242
back,squat,0,0,1252,229,-281
back,squat,0,0,1294,207,-276
back,squat,0,0,1322,168,-254
back,squat,0,0,1309,129,-216
back,squat,0,0,1265,99,-210
back,squat,0,0,1205,92,-246
back,squat,0,0,1134,88,-281
back,squat,0,0,1044,96,-292
back,squat,0,0,946,124,-269
back,squat,0,0,837,147,-222
back,squat,0,0,743,174,-178
back,squat,0,0,699,205,-163
back,squat,0,0,677,240,-168
back,squat,0,0,666,267,-171
back,squat,0,0,656,287,-182
back,squat,0,0,664,315,-189
back,squat,0,0,698,330,-194
back,squat,0,0,758,357,-231
back,squat,0,0,835,370,-246
back,squat,0,0,921,376,-238
back,squat,0,0,984,370,-344
back,squat,0,0,1054,347,-348
back,squat,0,0,1138,318,-376
back,squat,0,0,1185,273,-440
back,squat,0,0,1217,244,-443
back,squat,0,0,1176,270,-463
back,squat,0,0,1121,308,-508
back,squat,0,0,1073,337,-533
back,squat,0,0,1088,342,-498
back,squat,0,0,1175,317,-440
back,squat,0,0,1269,271,-442
back,squat,0,0,1363,247,-475
back,squat,0,0,1457,208,-568
back,squat,0,0,1511,176,-552
back,squat,0,0,1458,114,-412
back,squat,0,0,1327,51,-370
back,squat,0,0,1186,11,-331
back,squat,0,0,1081,1,-284
back,squat,0,0,993,36,-251
back,squat,0,0,956,82,-220
back,squat,0,0,932,115,-196
back,squat,0,0,895,127,-145
back,squat,0,0,875,128,-143
back,squat,0,0,859,122,-119
back,squat,0,0,856,114,-106
back,squat,0,0,862,118,-110
back,squat,0,0,852,126,-83
back,squat,0,0,854,134,-83
back,squat,0,0,862,130,-66
back,squat,0,0,853,128,-45
back,squat,0,0,843,139,-24
back,squat,0,0,881,149,-41
back,squat,0,0,934,177,-61
back,squat,0,0,966,211,-93
back,squat,0,0,967,238,-131
back,squat,0,0,973,248,-153
back,squat,0,0,1014,270,-164
back,squat,0,0,1094,284,-189
back,squat,0,0,1180,272,-212
back,squat,0,0,1231,256,-235
back,squat,0,0,1241,237,-260
back,squat,0,0,1197,206,-268
back,squat,0,0,1112,160,-265
back,squat,0,0,1014,115,-266
back,squat,0,0,921,84,-301
back,squat,0,0,860,70,-319
back,squat,0,0,835,91,-302
back,squat,0,0,837,128,-323
back,squat,0,0,879,175,-324
back,squat,0,0,921,219,-384
back,squat,0,0,952,259,-466
back,squat,0,0,986,290,-478
back,squat,0,0,1021,294,-510
back,squat,0,0,1045,286,-570
back,squat,0,0,1067,273,-609
back,squat,0,0,1084,235,-617
back,squat,0,0,1116,204,-628
back,squat,0,0,1200,183,-653
back,squat,0,0,1323,173,-691
back,squat,0,0,1417,140,-702
back,squat,0,0,1425,100,-595
back,squat,0,0,1334,46,-516
back,squat,0,0,1289,-1,-436
back,squat,0,0,1328,-24,-320
back,squat,0,0,1408,0,-368
back,squat,0,0,1470,39,-391
back,squat,0,0,1495,93,-346
back,squat,0,0,1451,118,-247
back,squat,0,0,1353,98,-211
back,squat,0,0,1258,110,-144
back,squat,0,0,1157,112,-171
back,squat,0,0,1048,119,-94
back,squat,0,0,925,133,-60
back,squat,0,0,865,156,-49
back,squat,0,0,837,160,-48
back,squat,0,0,795,160,-60
back,squat,0,0,766,166,-34
back,squat,0,0,742,162,-6
back,squat,0,0,725,149,-11
back,squat,0,0,720,133,-10
back,squat,0,0,731,123,-3
back,squat,0,0,747,109,0
back,squat,0,0,762,109,-5
back,squat,0,0,773,122,-3
back,squat,0,0,776,142,-24
back,squat,0,0,808,175,-45
back,squat,0,0,872,219,-84
back,squat,0,0,939,257,-134
back,squat,0,0,1001,280,-156
back,squat,0,0,1056,288,-172
back,squat,0,0,1115,284,-203
back,squat,0,0,1200,269,-224
back,squat,0,0,1309,245,-256
back,squat,0,0,1403,225,-316
back,squat,0,0,1440,197,-350
back,squat,0,0,1419,156,-369
back,squat,0,0,1340,121,-378
back,squat,0,0,1217,80,-352
back,squat,0,0,1092,43,-307
back,squat,0,0,992,34,-280
back,squat,0,0,931,51,-291
back,squat,0,0,924,95,-322
back,squat,0,0,938,152,-342
back,squat,0,0,944,214,-389
back,squat,0,0,934,269,-413
back,squat,0,0,900,297,-438
back,squat,0,0,925,336,-480
back,squat,0,0,956,334,-567
back,squat,0,0,978,315,-606
back,squat,0,0,996,273,-587
back,squat,0,0,1038,210,-544
back,squat,0,0,1111,148,-541
back,squat,0,0,1207,87,-505
back,squat,0,0,1348,64,-529
back,squat,0,0,1464,72,-576
back,squat,0,0,1512,80,-560
back,squat,0,0,1442,72,-451
back,squat,0,0,1372,80,-326
back,squat,0,0,1353,95,-260
back,squat,0,0,1396,118,-256
back,squat,0,0,1450,141,-263
back,squat,0,0,1463,151,-243
back,squat,0,0,1416,152,-199
back,squat,0,0,1341,145,-165
back,squat,0,0,1237,137,-108
back,squat,0,0,1114,130,-39
back,squat,0,0,995,128,13
back,squat,0,0,883,140,42
back,squat,0,0,809,150,54
back,squat,0,0,763,158,62
back,squat,0,0,713,166,75
back,squat,0,0,685,179,80
back,squat,0,0,680,216,64
back,squat,0,0,675,273,76
back,squat,0,0,677,281,48
back,squat,0,0,704,291,-5
back,squat,0,0,734,313,-61
back,squat,0,0,753,311,-92
back,squat,0,0,760,282,-96
back,squat,0,0,764,252,-121
back,squat,0,0,776,236,-184
back,squat,0,0,796,255,-278
back,squat,0,0,812,306,-340
back,squat,0,0,820,361,-340
back,squat,0,0,814,412,-387
back,squat,0,0,768,456,-504
back,squat,0,0,696,495,-610
back,squat,0,0,653,526,-679
back,squat,0,0,662,536,-715
back,squat,0,0,698,526,-764
back,squat,0,0,725,480,-831
back,squat,0,0,731,394,-837
back,squat,0,0,712,301,-797
back,squat,0,0,674,234,-774
back,squat,0,0,621,174,-781
back,squat,0,0,577,105,-716
back,squat,0,0,555,79,-601
back,squat,0,0,564,72,-564
back,squat,0,0,540,72,-532
back,squat,0,0,520,74,-463
back,squat,0,0,520,89,-451
back,squat,0,0,521,97,-404
back,squat,0,0,539,114,-365
back,squat,0,0,588,135,-329
back,squat,0,0,666,119,-351
back,squat,0,0,728,72,-304
back,squat,0,0,768,24,-200
back,squat,0,0,861,16,-84
back,squat,0,0,1054,77,-156
back,squat,0,0,1243,125,-212
back,squat,0,0,1322,84,-92
back,squat,0,0,1328,16,91
back,squat,0,0,1328,22,77
back,squat,0,0,1321,85,-17
back,squat,0,0,1347,123,-92
back,squat,0,0,1365,102,-65
back,squat,0,0,1400,96,376
back,squat,0,0,1439,28,296
back,squat,0,0,1448,-4,-74
back,squat,0,0,1377,33,-211
back,squat,0,0,1323,-38,-247
back,squat,0,0,1295,-105,-312
back,squat,0,0,1288,-39,-163
back,squat,0,0,1246,-68,214
back,squat,0,0,1163,-186,-55
back,squat,0,0,1074,-123,-158
back,squat,0,0,973,64,19
back,squat,0,0,905,84,34
back,squat,0,0,919,27,31
back,squat,0,0,974,63,99
back,squat,0,0,1017,79,94
back,squat,0,0,1036,88,60
back,squat,0,0,1044,124,79
back,squat,0,0,1055,117,192
back,squat,0,0,1057,104,269
back,squat,0,0,1041,111,214
back,squat,0,0,1042,110,194
back,squat,0,0,1041,114,187
back,squat,0,0,1016,135,209
back,squat,0,0,1019,117,259
back,squat,0,0,1032,109,286
back,squat,0,0,1060,121,274
back,squat,0,0,1113,169,298
back,squat,0,0,1184,192,304
back,squat,0,0,1220,196,294
back,squat,0,0,1270,204,262
back,squat,0,0,1328,172,249
back,squat,0,0,1361,92,221
back,squat,0,0,1371,55,200
back,squat,0,0,1380,-33,155
back,squat,0,0,1356,-43,133
back,squat,0,0,1324,-68,169
back,squat,0,0,1283,-105,178
back,squat,0,0,1228,-113,207
back,squat,0,0,1174,-119,307
back,squat,0,0,1134,-104,360
back,squat,0,0,1079,-120,352
back,squat,0,0,1025,-88,336
back,squat,0,0,946,-88,352
back,squat,0,0,898,-103,360
back,squat,0,0,851,-82,323
back,squat,0,0,790,-44,262
back,squat,0,0,734,-40,277
back,squat,0,0,707,-40,252
back,squat,0,0,704,1,228
back,squat,0,0,724,55,231
back,squat,0,0,741,84,252
back,squat,0,0,769,107,205
back,squat,0,0,776,112,173
back,squat,0,0,782,130,132
back,squat,0,0,813,171,91
back,squat,0,0,835,224,-35
back,squat,0,0,834,212,-58
back,squat,0,0,848,168,-129
back,squat,0,0,861,131,-157
back,squat,0,0,879,120,-172
back,squat,0,0,883,164,-209
back,squat,0,0,866,202,-200
back,squat,0,0,865,189,-170
back,squat,0,0,894,189,-138
back,squat,0,0,934,204,-85
back,squat,0,0,969,220,-19
back,squat,0,0,988,240,44
back,squat,0,0,1027,263,34
back,squat,0,0,1079,269,-23
back,squat,0,0,1096,256,-54
back,squat,0,0,1103,243,-79
back,squat,0,0,1106,224,-120
back,squat,0,0,1081,221,-153
back,squat,0,0,1050,239,-116
back,squat,0,0,1026,272,-69
back,squat,0,0,992,282,-21
back,squat,0,0,966,353,-17
back,squat,0,0,942,399,11
back,squat,0,0,928,429,19
back,squat,0,0,906,472,76
back,squat,0,0,916,507,90
back,squat,0,0,940,542,101
back,squat,0,0,985,542,124
back,squat,0,0,992,568,148
back,squat,0,0,992,580,161
back,squat,0,0,990,655,113
back,squat,0,0,973,703,63
back,squat,0,0,949,700,52
back,squat,0,0,918,747,13
back,squat,0,0,889,794,-25
back,squat,0,0,903,825,-51
back,squat,0,0,864,856,-136
back,squat,0,0,864,912,-96
back,squat,0,0,810,943,-49
back,squat,0,0,785,982,-71
back,squat,0,0,762,962,70
back,squat,0,0,731,967,22
back,squat,0,0,678,961,2
back,squat,0,0,616,925,91
back,squat,0,0,581,913,111
back,squat,0,0,523,852,112
back,squat,0,0,453,781,112
back,squat,0,0,364,717,29
back,squat,0,0,307,685,-17
back,squat,0,0,272,722,-24
back,squat,0,0,282,636,-165
back,squat,0,0,334,440,-514
back,squat,0,0,363,309,-599
back,squat,0,0,298,410,-254
back,squat,0,0,217,461,-80
back,squat,0,0,126,441,-108
back,squat,0,0,44,437,114
back,squat,0,0,-8,464,431
back,squat,0,0,-29,818,650
back,squat,0,0,-50,1252,701
back,squat,0,0,-99,1439,710
back,squat,0,0,-53,1148,112
back,squat,0,0,88,888,-384
back,squat,0,0,148,1101,-135
back,squat,0,0,121,1247,114
back,squat,0,0,83,978,277
back,squat,0,0,96,652,259
back,squat,0,0,191,643,59
back,squat,0,0,257,784,10
back,squat,0,0,246,914,12
back,squat,0,0,184,996,95
back,squat,0,0,142,1121,195
back,squat,0,0,113,1218,128
back,squat,0,0,85,1161,104
back,squat,0,0,39,1159,228
back,squat,0,0,6,1202,319
back,squat,0,0,52,1194,216
back,squat,0,0,62,1159,221
back,squat,0,0,60,1209,222
back,squat,0,0,81,1157,132
back,squat,0,0,90,1053,63
back,squat,0,0,106,1005,30
back,squat,0,0,121,1094,200
back,squat,0,0,129,1069,338
back,squat,0,0,145,958,435
back,squat,0,0,153,939,359
back,squat,0,0,169,990,174
back,squat,0,0,192,919,121
back,squat,0,0,184,849,191
back,squat,0,0,145,770,99
back,squat,0,0,129,798,111
back,squat,0,0,128,778,60
back,squat,0,0,121,776,107
back,squat,0,0,113,783,91
back,squat,0,0,147,833,67
back,squat,0,0,166,799,91
back,squat,0,0,201,772,149
back,squat,0,0,208,827,225
back,squat,0,0,233,891,196
back,squat,0,0,271,935,165
back,squat,0,0,316,980,184
back,squat,0,0,322,880,345
back,squat,0,0,309,748,411
back,squat,0,0,332,773,238
back,squat,0,0,420,968,165
back,squat,0,0,482,1032,315
back,squat,0,0,501,851,361
back,squat,0,0,568,688,206
back,squat,0,0,694,772,29
back,squat,0,0,789,810,-23
back,squat,0,0,879,696,-16
back,squat,0,0,954,606,6
back,squat,0,0,993,584,24
back,squat,0,0,1000,584,32
back,squat,0,0,980,569,44
back,squat,0,0,946,563,52
back,squat,0,0,902,544,21
back,squat,0,0,860,491,-21
back,squat,0,0,822,440,-10
back,squat,0,0,817,398,-31
back,squat,0,0,844,408,-95
back,squat,0,0,864,397,-95
back,squat,0,0,864,376,-45
back,squat,0,0,874,388,-33
back,squat,0,0,907,436,-14
back,squat,0,0,944,492,0
back,squat,0,0,976,508,46
back,squat,0,0,1005,529,107
back,squat,0,0,1029,557,88
back,squat,0,0,1055,538,81
back,squat,0,0,1093,513,52
back,squat,0,0,1122,526,73
back,squat,0,0,1135,561,78
back,squat,0,0,1123,565,57
back,squat,0,0,1076,540,-4
back,squat,0,0,1032,505,-52
back,squat,0,0,1035,511,-103
back,squat,0,0,1089,495,-84
back,squat,0,0,1136,472,64
